backup_nessun_backup_delle_notti	Nessun backup delle notti negli ultimi 30 giorni.
backup_fai_il_backup	Fai il backup
backup_backup_e_ripristino	Backup e ripristino
backup_backup	Backup
backup_notti_stato_del_coach	Notti, stato del coach, profilo e tag in un unico file cifrato con una password che scegli tu. Lo salvi dove vuoi: Google Drive, memoria del telefono, computer. Non contiene il collegamento a Intervals.icu: dopo un ripristino su un telefono nuovo va ricollegato.
backup_crea_backup	Crea backup
backup_ripristino	Ripristino
backup_da_un_file_noctalix	Da un file .noctalix (o .biosleep, dei backup fatti prima del cambio di nome). Prima del ripristino vedrai quante notti contiene e potrai annullare.
backup_ripristina_da_un_backup	Ripristina da un backup
backup_esporta_notti	Esporta notti
backup_un_csv_con_una	Un CSV con una riga per notte, da aprire in un foglio di calcolo. Il file NON è cifrato: chiunque lo apra vede i tuoi dati di sonno e frequenza cardiaca.
backup_aggiungi_gli_intervalli_rr	Aggiungi gli intervalli RR di ogni notte (file zip, più grande)
backup_esporta	Esporta
backup_serve_per_riaprire_il	Serve per riaprire il backup. Se la dimentichi il backup non si può più aprire: nessuno può recuperarla.
backup_password_almeno_caratteri	Password (almeno %1$s caratteri)
backup_ripeti_la_password	Ripeti la password
backup_continua	Continua
backup_annulla	Annulla
backup_ripristinare_questo_backup	Ripristinare questo backup?
backup_backup_del_con_notti	Backup del %1$s (%2$s %3$s), con %4$s notti.

Le notti di questo telefono verranno sostituite da quelle del backup, insieme allo stato del coach, al profilo e ai tag.
backup_sostituisci	Sostituisci
