gare_gare	Gare
gare_il_collegamento_non_permette	Il collegamento non permette di leggere il calendario: ricollega Intervals.icu.
gare_ricollega_intervals_icu	Ricollega Intervals.icu
gare_riprova	Riprova
gare_nessuna_gara_in_programma	Nessuna gara in programma: il coach segue il ciclo continuo. Aggiungine una con +.
gare_aggiorno_subito_il_piano	Aggiorno subito il piano della settimana?
gare_le_sedute_da_oggi	Le sedute da oggi a domenica verranno ricalcolate tenendo conto delle gare. Le sedute passate restano invariate.
gare_si_ripianifica	Sì, ripianifica
gare_no	No
gare_gara	Gara %1$s
gare_detta_la_preparazione	Detta la preparazione
gare_distanza_non_riconosciuta_tocca	Distanza non riconosciuta: tocca per indicarla, il coach la usa per la preparazione
gare_nome	Nome
gare_priorita	Priorità
gare_distanza	Distanza
gare_gara_calda_prevista_con	Gara calda (prevista con caldo)
gare_il_collegamento_non_permette_2	Il collegamento non permette di scrivere il calendario.
gare_elimina	Elimina
gare_salva	Salva
gare_annulla	Annulla
gare_ok	OK
gare_eliminare_la_gara	Eliminare la gara?
gare_sparisce_dal_calendario_di	%1$s sparisce dal calendario di Intervals.icu.
