home_collega_la_tua_fascia	Collega la tua fascia
home_1_bagna_gli_elettrodi	1. Bagna gli elettrodi e indossa la fascia: si accende da sola.
2. Quando compare qui sotto, premi Connetti.
%1$s imposta tutto da solo: battito e intervalli RR, e con la Polar H10 anche movimento e respiro. Funzionano anche le fasce cardio di altre marche (Garmin, Wahoo, Coospo…): con queste niente accelerometro, e gli RR vengono verificati nei primi minuti di registrazione.
home_ricerca_della_fascia	Ricerca della fascia…
home_connetti	Connetti
home_pronta_per_la_notte	Pronta per la notte
home_invia_rapporto_fascia	Invia rapporto fascia
home_avvio_non_riuscito	Avvio non riuscito: %1$s
home_le_mie_notti	Le mie notti
home_cambia_fascia	Cambia fascia
home_cambiare_fascia	Cambiare fascia?
home_le_notti_registrate_restano	Le notti registrate restano. Poi collegherai la nuova fascia.
home_cambia	Cambia
home_annulla	Annulla
home_notte_in_corso	Notte in corso
home_da_iniziata_alle	Da %1$s · iniziata alle %2$s
home_mostra_il_fiore	Mostra il fiore
home_termina_notte	Termina notte
home_terminare_la_notte	Terminare la notte?
home_la_registrazione_si_ferma	La registrazione si ferma e la notte viene analizzata.
home_termina	Termina
home_continua	Continua
