intervals_settings_impostazioni	Impostazioni
intervals_settings_1_intervals_icu	1. Intervals.icu
intervals_settings_scollega	Scollega
intervals_settings_collega_il_tuo_account	Collega il tuo account: %1$s potrà inviare le notti, leggere sedute e calendario e creare da solo i campi %2$s. Prima di collegarti leggi quali dati vanno a Intervals.icu.
intervals_settings_collega_intervals_icu	Collega Intervals.icu
intervals_settings_il_collegamento_non_ha	Il collegamento non ha il permesso di creare i campi (SETTINGS:WRITE): ricollega e accetta tutti i permessi.
intervals_settings_ricollega	Ricollega
intervals_settings_riprova	Riprova
intervals_settings_prepara_i_campi	Prepara i campi %1$s
intervals_settings_invia_automaticamente_ogni_notte	Invia automaticamente ogni notte dopo lo stop
intervals_settings_alternativa_al_collegamento_utile	Alternativa al collegamento (utile finché l'app non è approvata su Intervals.icu). Se sei collegato, il collegamento ha la precedenza.
intervals_settings_api_key_settings_developer	API key (Settings → Developer Settings)
intervals_settings_salva_e_prova_connessione	Salva e prova connessione
intervals_settings_protezione_notturna	Protezione notturna
intervals_settings_fascia	Fascia
intervals_settings_dati	Dati
intervals_settings_backup_e_ripristino	Backup e ripristino
intervals_settings_esporta_notti	Esporta notti
