piu_calendario_ok	OK
piu_calendario_annulla	Annulla
piu_calendario_questa_pausa_e_stata	Questa pausa è stata inserita su Intervals.icu: qui si può solo eliminare (dal %1$s al %2$s).
piu_calendario_nota_facoltativa	Nota (facoltativa)
piu_calendario_il_coach_non_pianifica	Il coach non pianifica sedute nei giorni di pausa.
piu_calendario_il_collegamento_non_permette	Il collegamento non permette di scrivere il calendario.
piu_calendario_ricollega_intervals_icu	Ricollega Intervals.icu
piu_calendario_elimina	Elimina
piu_calendario_salva	Salva
piu_calendario_tempo_disponibile	Tempo disponibile
piu_calendario_minuti	Minuti
piu_calendario_vale_solo_per_questo	Vale solo per questo giorno, al posto della disponibilità della settimana tipo.
piu_calendario_torna_alla_settimana_tipo	Torna alla settimana tipo
piu_calendario_aggiorno_subito_il_piano	Aggiorno subito il piano?
piu_calendario_le_sedute_da_oggi	Le sedute da oggi a domenica verranno ricalcolate. I giorni passati non si toccano.
piu_calendario_si_aggiorna	Sì, aggiorna
piu_calendario_no	No
