profilo_profilo_atleta	Profilo atleta
profilo_il_coach_usa_questi	Il coach usa questi valori al posto di quelli di Intervals.icu. Un campo vuoto non viene mandato.
profilo_gare_in_programma	Gare in programma
profilo_frequenza_cardiaca	Frequenza cardiaca
profilo_con_almeno_5_notti	Con almeno 5 notti %1$s l'app propone la FC a riposo misurata (ora %2$s).
profilo_volume	Volume
profilo_ore_cardio_massime_a	Ore cardio massime a settimana (palestra esclusa)
profilo_disponibilita	Disponibilità
profilo_minuti_disponibili_per_giorno	Minuti disponibili per giorno. 0 = giorno non disponibile, vuoto = nessun limite.
profilo_nessun_limite	nessun limite
profilo_min	min
profilo_settimana_tipo	Settimana tipo
profilo_nei_giorni_feriali_il	Nei giorni feriali il coach mette al massimo una seduta cardio, più la forza.
profilo_palestra	Palestra
profilo_attrezzatura_disponibile_il_coach	Attrezzatura disponibile: il coach sceglie le schede di forza tra quelle che puoi fare.
profilo_livello	Livello
profilo_principiante_le_prime_4	Principiante: le prime 4 settimane una scheda di adattamento.
profilo_caldo	Caldo
profilo_nei_giorni_caldi_trasforma	Nei giorni caldi trasforma la corsa facile in bici indoor
profilo_di_solito_mi_alleno	Di solito mi alleno alle…
profilo_il_coach_legge_la	Il coach legge la previsione a quest'ora.
profilo_posizione_approssimativa_consentita_il	Posizione approssimativa consentita: il coach usa le previsioni del luogo in cui ti trovi.
profilo_serve_per_le_previsioni	Serve per le previsioni meteo: nei giorni caldi il coach adatta le corse. Senza, il coach funziona uguale, senza regole del caldo.
profilo_consenti_la_posizione_approssimativa	Consenti la posizione approssimativa
profilo_se_android_non_la	Se Android non la chiede più: Impostazioni di Android → App → %1$s → Autorizzazioni → Posizione.
profilo_sensori	Sensori
profilo_ho_uno_stryd	Ho uno Stryd
profilo_le_sedute_di_qualita	Le sedute di qualità di corsa (salite, ripetute, soglia) useranno la potenza. Serve la CP su Intervals.icu (campo FTP della corsa): il coach la aggiorna da solo dalle corse con Stryd.
profilo_ho_un_sensore_core	Ho un sensore CORE 2
profilo_applica_il_protocollo_detp	Applica il protocollo DETP
profilo_con_il_detp_il	Con il DETP il coach inserisce sedute di adattamento al caldo (heat block) e aggiunge i target HSI agli allenamenti. Interrompi sempre ai primi sintomi (capogiri, nausea, brividi). Non adatto in caso di malattia o problemi cardiovascolari.
profilo_salva	Salva
profilo_valori_fuori_dai_limiti	Valori fuori dai limiti: FC massima 120–230, FC a riposo 30–100, ore 1–30, minuti 0–600.
profilo_ripianifica_questa_settimana	Ripianifica questa settimana
profilo_ripianificazione_in_corso_richiede	Ripianificazione in corso: richiede qualche minuto, puoi lasciare questa schermata.
profilo_ripianificare_la_settimana	Ripianificare la settimana?
profilo_le_sedute_da_oggi	Le sedute da oggi a domenica verranno ricalcolate con questo profilo. Le sedute passate restano invariate.
profilo_ripianifica	Ripianifica
profilo_annulla	Annulla
profilo_nessuno	Nessuno
profilo_usa	Usa
