protezione_protezione_notturna_incompleta	Protezione notturna incompleta
protezione_sistema	Sistema
protezione_registrazione_interrotta_per_minuti	Registrazione interrotta per %1$s minuti (%2$s)
protezione_succede_soprattutto_quando_il	Succede soprattutto quando il sistema chiude le app in background per risparmiare batteria.
protezione_istruzioni_per	Istruzioni per %1$s
protezione_chiudi	Chiudi
protezione_protezione_notturna	Protezione notturna
protezione_registra_per_8_ore	%1$s registra per 8 ore con lo schermo spento. Android tende a chiudere le app che lavorano a lungo in background: queste impostazioni lo impediscono.
protezione_apri_le_impostazioni_di	Apri le impostazioni di %1$s
protezione_su_questa_versione_la	Su questa versione la schermata non si apre direttamente: segui la guida.
protezione_guida_dettagliata_su_dontkillmyapp	Guida dettagliata su dontkillmyapp.com
