riepilogo_ci_sono_avvisi_apri	Ci sono avvisi: apri il riepilogo
riepilogo_coach	Coach · %1$s
riepilogo_riepilogo_non_disponibile_per	Riepilogo non disponibile per questa data
riepilogo_riposo	Riposo
riepilogo_apri_nel_calendario	Apri nel calendario
riepilogo_avvisi	Avvisi
riepilogo_sedute_che_il_coach	Sedute che il coach non è riuscito a scrivere a calendario:
riepilogo_baseline_in_calibrazione	Baseline in calibrazione
riepilogo_range_ms	range %1$s–%2$s ms
riepilogo_fuori_dalla_fascia_attesa	Fuori dalla fascia attesa
riepilogo_oggi	oggi %1$s
riepilogo_domenica_previsto	domenica %1$s (previsto)
riepilogo_facile	Facile %1$s%
riepilogo_intenso	Intenso %1$s%
riepilogo_la_linea_segna_l	La linea segna l'80%: con la regola 80/20 il verde dovrebbe arrivare fin lì.
riepilogo_di_alta_intensita	%1$s% di alta intensità
riepilogo_intensi_su_di_bici	%1$s' intensi su %2$s' di bici e corsa
riepilogo_tetto	tetto %1$s%
riepilogo_pieno_fatto_chiaro_con	Pieno = fatto · chiaro = con le sedute ancora in calendario · linea = obiettivo · rosso = tetto
